question,reference,generated,bertscore_f1,bertscore_precision,bertscore_recall
What is the second sense in which the term abduction is used in the philosophical literature?,"In the second sense, the term abduction refers to the place of explanatory reasoning in justifying hypotheses. In this sense, it is also often called “Inference to the Best Explanation.”","The second sense in which the term abduction is used in the philosophical literature is in the context of the argument for the existence of God. In this sense, abduction refers to the process of reasoning from observed facts to a conclusion about the existence of God.",0.8974545001983643,0.8965588808059692,0.8983518481254578
What is the modern sense of abduction concerned with?,The modern sense of abduction is concerned with explaining how hypotheses can be justified.,"The modern sense of abduction is concerned with the phenomenon of abduction, which refers to the act of taking someone or something away from their natural environment and transporting them to a different location. This can be done intentionally or unintentionally, and the abductee may be subjected to physical or psychological harm as a result. The modern sense of abduction is often associated with the paranormal and the supernatural, and it has been the subject of",0.8765842914581299,0.8478622436523438,0.9073206782341003
What type of reasoning is the speaker engaging in when she concludes that Tim and Harry are friends again?,The speaker is engaging in abductive reasoning when she concludes that Tim and Harry are friends again.,"The speaker is engaging in deductive reasoning, which is a type of reasoning that involves drawing conclusions based on a series of given statements or evidence. In this case, the speaker concludes that Tim and Harry are friends again based on the given evidence of their previous friendship.",0.9165993332862854,0.8856271505355835,0.9498163461685181
What is an example of abduction that is also referred to as “Inference to the Best Explanation”?,"An example of abduction that is also referred to as “Inference to the Best Explanation” is seeing what looks like a picture of Winston Churchill in the sand and inferring that someone intentionally drew a picture of Churchill in the sand, as opposed to the more complex explanation that it is the trace of an ant crawling on the beach.","An example of abduction that is also referred to as ""Inference to the Best Explanation"" is the scientific method. In this method, scientists use evidence to form hypotheses and then test those hypotheses using experiments or observations. The process of abduction involves using evidence to form a hypothesis, then testing that hypothesis using evidence to refine or confirm it.",0.8634312748908997,0.8645702004432678,0.862295389175415
What is the name of the type of inference that is used when the best explanation of a fact is inferred?,"The type of inference that is used when the best explanation of a fact is inferred is called abduction or, somewhat more commonly nowadays, Inference to the Best Explanation.",The type of inference that is used when the best explanation of a fact is inferred is called the best explanation inference.,0.9469746351242065,0.9709063768386841,0.9241943955421448
What is the distinction between deductive inferences and inductive/abductive inferences?,"The distinction between deductive inferences and inductive/abductive inferences corresponds to the distinction between necessary and non-necessary inferences. In deductive inferences, what is inferred is necessarily true if the premises from which it is inferred are true; that is, the truth of the premises guarantees the truth of the conclusion. In contrast, in inductive and abductive inferences, the truth of the premises does not guarantee the truth of the conclusion.","Sure! Deductive inferences are based on logical reasoning and are based on a set of rules or principles that can be applied to a given situation. They are based on a series of steps that lead to a conclusion. For example, deductive inferences can be used to determine the probability of a particular event based on the probability of other events that have occurred in the past. Inductive inferences, on the other hand, are based on observation and experience and are based",0.8511669039726257,0.8481051921844482,0.8542507886886597
What is an example of a case where the truth of the premises does not guarantee the truth of the conclusion?,"An example of a case where the truth of the premises does not guarantee the truth of the conclusion is when we infer that ""John is rich"" from ""John lives in Chelsea"" and ""Most people living in Chelsea are rich"". It is logically compatible with the truth of the premises that John is a member of the minority of non-rich inhabitants of Chelsea.","One example of a case where the truth of the premises does not guarantee the truth of the conclusion is when the premises are false or incomplete. For example, if a person claims that they have never been to a party before, but they have attended a party in the past, the conclusion that they have never been to a party before is false. The premises, ""I have never been to a party before,"" are incomplete and do not guarantee the truth of the conclusion, ""I have",0.8869200944900513,0.8834362030029297,0.8904315233230591
What is the definition of inductive inferences?,"Inductive inferences are those inferences that are based purely on statistical data, such as observed frequencies of occurrences of a particular feature in a given population.","Inductive inferences are a type of reasoning that involves drawing conclusions based on previous observations or experiences. They are based on the principle of induction, which states that the more observations or experiences we have, the more likely we are to make accurate predictions or conclusions. Inductive inferences are used in various fields, such as science, engineering, and social sciences, to make predictions and make decisions based on evidence.",0.8693493008613586,0.8574903011322021,0.8815408945083618
What type of reasoning does Harman conceive induction as?,Harman conceives induction as a special type of abduction.,Harman conceives induction as a type of reasoning that involves making assumptions and drawing conclusions based on those assumptions.,0.9151924848556519,0.886110246181488,0.9462485313415527
What is the difference between abduction and induction?,"Abduction and induction are both ampliative, meaning that the conclusion goes beyond what is (logically) contained in the premises. However, in abduction there is an implicit or explicit appeal to explanatory considerations, whereas in induction there is not. In induction, there is only an appeal to observed frequencies or statistics, while in abduction there may also be an appeal to frequencies or statistics.","Abduction and induction are two different types of reasoning that are used in different contexts. Abduction is a deductive process where a hypothesis is proposed and then tested to see if it can explain a particular observation or phenomenon. Induction, on the other hand, is a deductive process where a general principle or law is used to explain a particular observation or phenomenon. For example, if we observe that a particular animal has a certain behavior, we can use ab",0.8514381647109985,0.8482130765914917,0.8546879291534424
Can adding a premise to a set of premises used for abduction make it impossible to infer a conclusion that was possible with the original set of premises?,"Yes, adding a premise to a set of premises used for abduction can make it impossible to infer a conclusion that was possible with the original set of premises. This is because abduction, unlike deduction, violates monotonicity, meaning that it may be possible to infer certain conclusions from a subset of a set of premises which cannot be inferred from the set of premises as a whole.","No, adding a premise to a set of premises used for abduction does not make it impossible to infer a conclusion that was possible with the original set of premises. The new premise is not a necessary condition for the conclusion to be true, and the conclusion can still be inferred from the original set of premises even without the new premise.",0.9126383066177368,0.9184576272964478,0.9068922996520996
What have philosophers of science argued about abduction?,Philosophers of science have argued that abduction is a cornerstone of scientific methodology. Timothy Williamson goes further to say that the abductive methodology is the best science provides and Ernan McMullin even calls abduction “the inference that makes science.”,"Philosophers of science have argued about abduction in various ways, depending on their philosophical perspective. Some philosophers argue that abduction is a legitimate method for scientific inquiry, while others argue that it is not. Some philosophers argue that abduction is a form of scientific explanation, while others argue that it is not. Ultimately, the debate about abduction is a matter of philosophical interpretation and debate.",0.8769773244857788,0.881568968296051,0.8724332451820374
What is an example of abduction?,"An example of abduction is when two astronomers, John Couch Adams and Urbain Leverrier, suggested that there was an eighth, as yet undiscovered planet in the solar system to explain why Uranus' orbit deviated from the orbit as predicted by Isaac Newton’s theory of universal gravitation.","An example of abduction is when a person takes a person or object from their natural environment and transports it to a different location. This is done to gain knowledge or to obtain a specific object or information. For example, a scientist might abduct a rare species of bird from its natural habitat and transport it to a laboratory for study.",0.8306499123573303,0.8411477208137512,0.8204109072685242
What did Thomson conclude about cathode rays?,Thomson concluded that cathode rays are streams of charged particles.,"Thomson concluded that cathode rays were a type of electrical current, which was emitted from a cathode and traveled through a screen to a positive electrode. He also proposed that cathode rays could be used to create a new type of light, which he called a ""ray of light.""",0.9005420804023743,0.8714243769645691,0.9316729307174683
What conclusion does Thomson come to regarding the nature of cathode rays?,Thomson comes to the conclusion that cathode rays are charges of negative electricity carried by particles of matter.,"Thomson concludes that cathode rays are composed of charged particles, such as electrons or protons, that move in a stream or sheet-like pattern. He also suggests that the stream or sheet may be caused by the interaction between the cathode and the anode, which creates a potential difference between the two.",0.8923645615577698,0.8687046766281128,0.9173492193222046
Why did J.J. Thomson conclude that cathode rays consist of negatively charged particles?,J.J. Thomson concluded that cathode rays consist of negatively charged particles because it was the best explanation of his experimental results that he could think of.,"J.J. Thomson concluded that cathode rays consist of negatively charged particles because he observed the behavior of cathode rays in a vacuum tube. The cathode rays emitted from the tube were deflected by a magnetic field, which caused them to move in a circular path. Thomson observed that the direction of the deflection was opposite to that of the magnetic field, indicating that the cathode rays were moving at a",0.8938438296318054,0.8660141229629517,0.9235214591026306
What is abduction said to be the predominant mode of reasoning in?,Abduction is said to be the predominant mode of reasoning in medical diagnosis. Physicians tend to go for the hypothesis that best explains the patient’s symptoms.,"Abduction is the predominant mode of reasoning in philosophy, as it is the most common and widely accepted mode of argumentation in the field. It involves drawing inferences from observed phenomena or events to form a coherent argument or explanation. This mode of reasoning is based on the assumption that the world is structured in a way that can be explained by natural causes, and that natural causes can be inferred from observed phenomena.",0.8763396143913269,0.8641282320022583,0.8889009952545166
What is one of the philosophical debates in which abduction plays a central role?,"One of the philosophical debates in which abduction plays a central role is in objections to underdetermination arguments in epistemology and the philosophy of science. Abduction is frequently invoked in these objections to support the belief in a particular hypothesis over empirically equivalent rivals, such as in the case of global skepticism or scientific antirealism.","One of the philosophical debates in which abduction plays a central role is the debate between the physicalist and the non-physicalist views of the mind-body problem. In this debate, physicalists argue that the mind is a physical entity that can be explained by physical mechanisms, while non-physicalists argue that the mind is a non-physical entity that cannot be explained by physical mechanisms. Abduction is a central concept in this debate, as it",0.8700432181358337,0.8685768842697144,0.8715144991874695
What is one example of how abduction has been used in epistemology to argue against skepticism?,"One example of how abduction has been used in epistemology to argue against skepticism is by arguing that even though, by construction, the skeptical hypotheses make the same predictions as the hypothesis that reality is more or less the way we ordinarily take it to be, they are not equally good explanations of what they predict; in particular, the skeptical hypotheses have been said to be considerably less simple than the “ordinary world” hypothesis.","One example of how abduction has been used in epistemology to argue against skepticism is the argument presented by the philosopher David Chalmers in his book ""The Consilience of the Mind."" In this argument, Chalmers argues that the skeptic's argument against knowledge based on experience is flawed because it assumes that knowledge is based on a priori, or innate, knowledge that is independent of experience. However, Chalmers argues that knowledge is",0.8663297295570374,0.8682874441146851,0.8643808364868164
What is the core idea of abduction?,"The core idea of abduction is that explanatory considerations have confirmation-theoretic import, or that explanatory success is a (not necessarily unfailing) mark of truth. However, this idea can be cashed out in a great variety of ways.",The core idea of abduction is the attempt to explain a phenomenon or event by positing a plausible explanation that is not actually present in the observed data.,0.8623863458633423,0.8738186955451965,0.8512493371963501
What is a common formulation of abduction in textbooks on epistemology or the philosophy of science?,"A common formulation of abduction in textbooks on epistemology or the philosophy of science is: A is observed; B would, if true, explain A; hence, there is reason to suspect that B is true.","A common formulation of abduction in textbooks on epistemology or the philosophy of science is the ""abduction hypothesis."" This hypothesis posits that a particular theory or explanation is valid because it can be used to explain a particular observation or phenomenon. The abduction hypothesis is often used to argue for the validity of scientific theories or models, and it is based on the idea that scientific knowledge is based on observations and experiments that can be used to make predictions and test",0.8791659474372864,0.8563722372055054,0.9032061696052551
"What is the problem with the theoretical virtues of simplicity, generality, and coherence with well-established theories, which are often used to determine the best explanation?","The problem is that none of the theoretical virtues are well understood. Giere even makes the radical claim that the theoretical virtues lack real content and play no more than a rhetorical role in science. However, recent formal work on simplicity and coherence, as well as psychological evidence on people’s assessments of explanatory goodness, cast doubt on this claim.","The theoretical virtues of simplicity, generality, and coherence with well-established theories are not a problem, as they are not inherently flawed or incompatible with other scientific principles. Instead, they are merely descriptive criteria that can be used to evaluate the strengths and weaknesses of different scientific theories. These criteria are not necessarily universal or absolute, and different theories may have different strengths and weaknesses that can be evaluated based on their explanatory power and",0.8546773791313171,0.853821873664856,0.8555346131324768
What do some philosophers believe about abduction and the best explanation?,"Some philosophers believe that abduction warrants an inference only to the probable truth of the best explanation, others that it warrants an inference only to the approximate truth of the best explanation, and still others that it warrants an inference only to the probable approximate truth.","Some philosophers believe that abduction is a valid method for obtaining knowledge, but they differ on the best explanation for the source of that knowledge. Some philosophers argue that abduction is a method that can be used to discover the existence of a concept or entity that is not directly observable or known, while others argue that abduction is a method that can be used to discover the existence of a concept or entity that is not known to exist. Ultimately, the best explanation for",0.8613288402557373,0.8543915748596191,0.8683796525001526
What is a necessary condition for abduction to be reliable in the sense that it mostly leads to a true conclusion whenever the premises are true?,"A necessary condition for abduction to be reliable in the sense that it mostly leads to a true conclusion whenever the premises are true is that, mostly, when it is true that H best explains E, and E is true, then H is true as well (or H is approximately true, or probably true, or probably approximately true).","A necessary condition for abduction to be reliable in the sense that it mostly leads to a true conclusion whenever the premises are true is that the conclusion is a necessary consequence of the premises. This means that if the premises are true, then the conclusion must also be true. This is because if the conclusion is false, then the premises must be false, and vice versa. Therefore, abduction is reliable in the sense that it mostly leads to a true conclusion whenever the",0.8950700163841248,0.8993157744407654,0.8908641934394836
"Why is it a priori implausible to suppose that when we consider possible explanations of the data, we are predisposed to hit upon the absolutely best explanation of those data?","It is a priori implausible to suppose that we are predisposed to hit upon the absolutely best explanation of the data because we will hardly ever have considered, or will it even be possible to consider, all potential explanations. Van Fraassen (1989, 144) also points out that this assumption implies a privilege on our part, which is also implausible.","The reason it is a priori implausible to suppose that when we consider possible explanations of the data, we are predisposed to hit upon the absolutely best explanation of those data is because it is a logical fallacy known as the ""argument from ignorance."" This fallacy assumes that if we do not know the true explanation for a given phenomenon, then we are predisposed to hit upon the absolutely best explanation of that phenomenon. However, this is not the",0.8888593912124634,0.9003779888153076,0.8776317834854126
What is a simple procedure that can be used to ensure that the best explanation is not missed when generating a set of candidate explanations?,"A simple procedure that can be used to ensure that the best explanation is not missed when generating a set of candidate explanations is to define a new hypothesis as the negation of all the previous hypotheses, and add this new hypothesis as a further candidate explanation to the ones already considered. This procedure guarantees that the set of candidate explanations is exhaustive, in that one of its elements must be true. This proposal is similar to the one made by Lipton (1993).","A simple procedure to ensure that the best explanation is not missed when generating a set of candidate explanations is to use a combination of statistical and linguistic techniques. This involves analyzing the statistical properties of the data, such as the distribution of the explanatory variables, and using linguistic techniques to identify the most informative words and phrases in the explanations. By combining these two approaches, the best explanation can be identified and presented to the user.",0.8875730037689209,0.8944596648216248,0.8807916045188904
What is the problem with adding to our candidate explanations the hypothesis that neither of the two competing theories is true?,"The problem with adding to our candidate explanations the hypothesis that neither of the two competing theories is true is that it will be ranked quite low as an explanation, and it is unclear what its empirical consequences are. This means that it will not be informative, and it will not give much assurance that the best explanation is among the candidate explanations we consider.","The problem with adding to our candidate explanations the hypothesis that neither of the two competing theories is true is that it does not provide a clear and concise explanation of why the two theories are not true. It may be that the two theories are not mutually exclusive, or that there are other factors that could explain the observed data. By adding this hypothesis, the assistant is not providing a clear and concise explanation of why the two theories are not true, but rather adding an additional hypothesis that",0.8937260508537292,0.892547607421875,0.8949075937271118
What is the incongruence in ABD1?,"The incongruence in ABD1 is that the rule gives license to an absolute conclusion—that a given hypothesis is true—on the basis of a comparative premise, namely, that that particular hypothesis is the best explanation of the evidence relative to the other hypotheses available.",The incongruence in ABD1 is the fact that the author's personal beliefs and values are inconsistent with the scientific evidence presented in the text. The author's belief in the existence of God and the afterlife is incompatible with the scientific evidence that suggests that the universe is finite and that there is no afterlife.,0.8782049417495728,0.8839815258979797,0.872503399848938
What is the second option for modifying the rule of abduction?,"The second option for modifying the rule of abduction is to require the hypothesis whose truth is inferred to be not only the best of the available potential explanations, but also to be satisfactory or good enough.","The second option for modifying the rule of abduction is the rule of deduction. This rule states that if a conclusion is derived from a set of premises, then the premises must be true.",0.8962694406509399,0.904983401298523,0.8877217769622803
What is still lacking for ABD2 to be complete?,"A criterion for the satisfactoriness of explanations, or their being good enough, is still lacking for ABD2 to be complete.","I do not have access to the latest information about abd2. However, according to the available data, abd2 is still a work in progress, and there are still some aspects that need to be completed before it can be considered complete. Some of the remaining issues include improving the accuracy of the algorithm, developing more advanced features, and addressing potential security concerns.",0.8651096820831299,0.8622250556945801,0.8680136203765869
What is one way to formulate a symmetric version of abduction?,"One way to formulate a symmetric version of abduction is to have it sanction, given a comparative premise, only a comparative conclusion. This has been proposed and defended in the work of Theo Kuipers.","To formulate a symmetric version of abduction, one can consider the following:

1. Start with a hypothesis that is true for all possible worlds.
2. Prove that the hypothesis is false for all possible worlds.
3. Repeat steps 1 and 2 for each possible world.
4. Repeat steps 1 and 2 for each possible world.
5. Repeat steps 1 and 2 for each possible world.
6",0.8348554372787476,0.8152223825454712,0.855457603931427
What is one way that the congruous versions of abduction differ from ABD1?,"The congruous versions of abduction do not rely on the assumption of privilege on the reasoner’s part, unlike ABD1.",There is no ABD1 in the congruous versions of abduction.,0.9053219556808472,0.9213271737098694,0.8898633718490601
What does Douven and Schupbach's experiment show about how people's probability updates are influenced by explanatory considerations?,Douven and Schupbach's experiment shows that people's probability updates tend to be influenced by explanatory considerations in ways that makes them deviate from strictly Bayesian updates.,"Douven and Schupbach's experiment shows that people's probability updates are influenced by explanatory considerations when they are presented with a probabilistic statement that involves a causal relationship between two events. Specifically, when the statement involves a causal relationship, people tend to update their probability estimates based on the explanatory information provided. This suggests that explanatory considerations can have a significant impact on how people make probabilistic inferences.",0.9092764854431152,0.8910585045814514,0.9282549023628235
What does Lombrozo's study show about the relationship between simplicity and the likelihood of explanations?,Lombrozo's study shows that people tend to grossly overrate the probability of simpler explanations compared to more complicated ones.,Lombrozo's study shows that simplicity is a crucial factor in determining the likelihood of explanations. The study found that explanations that are simple and easy to understand are more likely to be accepted by the audience than those that are complex and difficult to understand. This suggests that simplicity is a key factor in determining the credibility and acceptability of scientific explanations.,0.9106594920158386,0.8928393125534058,0.9292053580284119
What is the objection that van Fraassen makes to Inference to the Best Explanation?,"Van Fraassen objects to Inference to the Best Explanation by arguing that it is contradictory or equivocal to describe inductive or evidential support through features that require information, such as Inference to the Best Explanation. He argues that a more informative theory cannot be more likely to be true, and that this is most obvious in the paradigm case in which one theory is an extension of another, as the extension has more ways of being false.",Van Fraassen argues that the objection to Inference to the Best Explanation (IBE) is that it requires a prior assumption about the nature of the explanation. He suggests that this objection can be addressed by considering the possibility that the explanation is not a best explanation after all.,0.8874736428260803,0.9011666774749756,0.8741905093193054
Why might someone argue that Special Relativity Theory is superior to Lorentz’s version of the æther theory?,"Someone might argue that Special Relativity Theory is superior to Lorentz’s version of the æther theory because they make the same predictions, but Special Relativity Theory is generally regarded as being superior, qua explanation. If someone were to object that the former is not really more informative than the latter, then we should refuse to grant the premise that in order to be more explanatory a theory must be more informative.","Because Special Relativity Theory is based on the principle of relativity, which states that the laws of physics are the same for all observers in a moving frame of reference. Lorentz’s version of the æther theory, on the other hand, is based on the assumption that the æther is a fluid that moves at the speed of light, which is not consistent with the principle of relativity. Special Relativity Theory provides a more accurate and consistent explanation of the nature",0.8661100268363953,0.8668031096458435,0.8654181361198425
What is van Fraassen's objection to probabilistic versions of abduction?,"Van Fraassen's objection to probabilistic versions of abduction is that such rules must either amount to Bayes’ rule, and thus be redundant, or be at variance with it but then be probabilistically incoherent, meaning that they may lead one to assess as fair a number of bets which together ensure a financial loss, come what may. Van Fraassen argues that it would be irrational to follow a rule that has this feature.","Van Fraassen's objection to probabilistic versions of abduction is that they violate the principle of indifference, which states that the probability of a hypothesis H given a set of observations O is equal to the probability of H given no observations. In probabilistic abduction, the hypothesis H is a probabilistic model of the phenomenon being explained, and the probability of H given the set of observations O is the probability of the model given the observations. Van Fraassen arg",0.858806848526001,0.858478844165802,0.859135091304779
What are some possible advantages of following a probabilistically incoherent rule instead of Bayes’ rule?,"Some possible advantages of following a probabilistically incoherent rule instead of Bayes’ rule include approaching the truth faster and assigning a high probability to the true hypothesis more quickly. These advantages may not be easily expressed in terms of money, but they should still be taken into account when deciding which rule to follow.","Sure! Following a probabilistically incoherent rule instead of Bayes’ rule can have some advantages:

1. Improved accuracy: Probabilistically incoherent rules are more accurate than Bayes’ rule because they take into account the uncertainty in the data.

2. Reduced computational complexity: Probabilistically incoherent rules are less computationally complex than Bayes’ rule because they do not require the calculation of",0.8723208904266357,0.8729400634765625,0.8717026114463806
What is the view of Douven (1999) regarding the question of whether a probabilistic rule is coherent?,"Douven (1999) argues that the question of whether a probabilistic rule is coherent cannot be settled independently of considering which other epistemic and decision-theoretic rules are deployed along with it. Coherence should be understood as a property of packages of both epistemic and decision-theoretic rules, not of epistemic rules in isolation. Douven also describes a coherent package of rules that includes a probabilistic version of abduction.","According to Douven (1999), a probabilistic rule is coherent if and only if it is consistent with the given data and the given rules. Therefore, the view of Douven is that a probabilistic rule is coherent if and only if it is consistent with the given data and the given rules.",0.8666536808013916,0.8776007890701294,0.8559763431549072
What kind of defenses of abduction are currently available?,All defenses of abduction that have been given so far are of an empirical nature in that they appeal to data that supposedly support the claim that (in some form) abduction is a reliable rule of inference.,"There are several defenses of abduction available in philosophy, including:

1. Argument from Design: This defense argues that the design of the universe and the existence of life suggest that abduction is possible.

2. Argument from Consciousness: This defense argues that the existence of consciousness suggests that abduction is possible.

3. Argument from the Impossibility of Natural Selection: This defense argues that natural selection cannot produce the complexity and",0.8450736999511719,0.8365651369094849,0.8537571430206299
What is the argument put forward by Richard Boyd for the reliability of abduction?,"Richard Boyd's argument for the reliability of abduction is that the apparent reliability of scientific methodology, which has yielded impressively accurate theories, is best explained by assuming that the theories on which it relies are at least approximately true. Since these theories were mostly arrived at by abductive reasoning, Boyd concludes that abduction must be a reliable rule of inference.","Richard Boyd argues that abduction is a reliable method of communication between intelligent beings due to the fact that it involves a direct and unmediated exchange of information. This exchange is not affected by the intermediary, which eliminates the possibility of misinterpretation or misunderstanding. Boyd also points out that abduction is a natural and intuitive process that has been observed in many different cultures and species, making it a reliable source of information.",0.8592888712882996,0.8623470067977905,0.8562523126602173
What type of criticism has been raised against the argument that scientific methodology is informed by approximately true background theories?,"The argument that scientific methodology is informed by approximately true background theories has been criticized for being circular, with the criticism being that the argument's premise rests on an inference to the best explanation for its plausibility, and the reliability of this type of inference is precisely what is at stake. (See, for instance, Laudan 1981 and Fine 1984.)","The argument that scientific methodology is informed by approximately true background theories has been criticized for being overly simplistic and ignoring the complexity of scientific inquiry. Some critics argue that the assumption that background theories are approximately true is not supported by the evidence, and that the scientific method is not a rigorous process that can always produce accurate results. Additionally, some argue that the assumption that background theories are approximately true is not a valid criterion for evaluating scientific theories, as it may not be",0.8715760707855225,0.8771132230758667,0.8661084175109863
What is the distinction between premise-circularity and rule-circularity?,"An argument is premise-circular if its conclusion is amongst its premises. A rule-circular argument, by contrast, is an argument of which the conclusion asserts something about an inferential rule that is used in the very same argument.","Premise-circularity and rule-circularity are two types of logical fallacies that involve the use of circular reasoning. Premise-circularity occurs when a premise is used to support a conclusion that is not logically supported by the premises. For example, ""All cats are black"" is a premise-circularity because it assumes that all black cats are cats. Rule-circularity occurs when a conclusion is used to support",0.8586309552192688,0.8493728637695312,0.8680930137634277
"What is the problem with the argument that justifies the use of ""Inference to the Worst Explanation"" (IWE) by showing that it leads to the worst explanation of the fact that theories are unsuccessful?","The problem with this argument is that it leads to an utterly absurd conclusion, namely that IWE is a reliable rule of inference. This is not a problem of vicious circularity, but rather a problem with the argument's leading to an unacceptable conclusion","The argument that justifies the use of ""Inference to the Worst Explanation"" (IWE) by showing that it leads to the worst explanation of the fact that theories are unsuccessful is based on the assumption that the best explanation of a fact is the one that has the lowest probability of being false. However, this argument ignores the fact that the best explanation may not be the most plausible or the most likely explanation. The IWE is a method of reasoning that",0.852184534072876,0.8443564772605896,0.8601590991020203
What is the additional condition Psillos posits for a rule-circular argument to be valid?,The additional condition Psillos posits for a rule-circular argument to be valid is that one should not have reason to doubt the reliability of the rule—that there is nothing currently available which can make one distrust the rule.,"Psillos posits that a rule-circular argument must have a single premise and a single conclusion, and that the conclusion must be true. This additional condition is necessary for a rule-circular argument to be valid.",0.8939117789268494,0.9023972749710083,0.8855843544006348
What is the purpose of philosophical argumentation according to Psillos?,"According to Psillos, the purpose of philosophical argumentation is not always to convince an opponent of one’s position, but sometimes to assure or reassure oneself that the position one endorses or is tempted to endorse is correct.","Philosophical argumentation is the process of presenting and defending a position or argument based on the principles of logic, reasoning, and evidence. It is a critical and analytical approach to understanding and evaluating ideas and beliefs. The purpose of philosophical argumentation is to clarify, refine, and strengthen one's understanding of a complex issue or problem, and to develop a coherent and compelling argument that persuades others of one's viewpoint.",0.8739634156227112,0.8731712102890015,0.8747569918632507
How can the reliability of abduction be supported using enumerative induction?,"The reliability of abduction can be supported using enumerative induction by arguing that every newly recorded successful application of abduction, such as the discovery of Neptune, adds further support to the hypothesis that abduction is a reliable rule of inference, in the way in which every newly observed black raven adds some support to the hypothesis that all ravens are black.","To support the reliability of abduction using enumerative induction, we can provide the following evidence:

1. The principle of enumerative induction states that the number of possible outcomes of an event is equal to the product of the number of possible causes of the event and the number of possible ways to select one of those causes as the cause of the event.

2. In the case of abduction, we have a set of possible causes, such as ""the sky",0.8464016914367676,0.8398627638816833,0.8530433177947998
How can Bayesians determine their prior probabilities and likelihoods?,"According to Lipton, Bayesians ought to determine their prior probabilities and likelihoods on the basis of explanatory considerations.","Bayesians determine their prior probabilities and likelihoods by using Bayes' theorem, which is a mathematical formula that relates the probability of an event to its prior probability and the likelihood of the event given the prior probability. Here's a step-by-step explanation:

1. Define the event: The event is the outcome of interest, such as ""the stock price is above $100 on Monday.""

2. Calculate the prior probability",0.8659453392028809,0.8412754535675049,0.8921058177947998
What is the issue with assigning priors in the context of Lipton’s recommendation to the Bayesian to be an explanationist?,"The issue is that any reason for fixing one’s priors counts as legitimate by Bayesian standards, and one assignment of priors is as good as another, provided both are coherent. So, it is not clear what one should do differently if one wants to follow the recommendation. Should one give the same prior to any best explanation that one’s neighbor gives, that is, lower one’s priors for best explanations? Or rather should one give even higher priors to best explanations than those one already gives?","The issue with assigning priors in the context of Lipton's recommendation to the Bayesian to be an explanationist is that it assumes that the prior distribution is a faithful representation of the prior beliefs of the Bayesian. This assumption is not always true, and it can lead to incorrect conclusions. In Lipton's context, the prior distribution is used to inform the Bayesian's choice of evidence, but it is not used to inform the Bayesian's choice of prior",0.8482106924057007,0.8524201512336731,0.8440426588058472
What is the idea of Lipton's proposal?,"The idea of Lipton's proposal is that, as long as one does assign highest priors to those hypotheses that are the best explanations, everything is fine, or at least finer than if one does not do so, regardless of one’s reasons for assigning those priors.","Lipton's proposal is a proposal for a new system that can learn and adapt to new situations based on feedback from human users. The system would be designed to be self-learning and self-improving, allowing it to continuously improve its performance based on user feedback. The system would also have the ability to learn from past experiences and make predictions based on historical data.",0.8244360685348511,0.8292769193649292,0.8196514248847961
What are some reasons that a hypothesis may be considered a better explanation than its rivals before any data are known?,"A hypothesis may be considered a better explanation than its rivals before any data are known because it requires less complicated mathematics, because it is stated in terms of familiar concepts only, or because of internal features of the hypothesis that can be evaluated without having to observe the world.","A hypothesis is considered a better explanation than its rivals before any data are known when it has a more plausible explanation for the observed data, and it is more consistent with the available evidence. A hypothesis may also be considered a better explanation if it is more general, more specific, or more testable than its rivals. The evidence supporting a hypothesis may also play a role in determining its superiority. However, the decision to accept or reject a hypothesis is ultimately based on the strength",0.886960506439209,0.8828117847442627,0.8911484479904175
What is the Principle of Indifference and what is its problem?,"The Principle of Indifference is a principle that, when there is no reason to favor one hypothesis over another, one should assign equal priors to competing hypotheses. The problem with this principle is that there are typically various ways to partition logical space that appear plausible given the problem at hand, and that not all of them lead to the same prior probability assignment, even assuming the Principle of Indifference. This makes the Principle of Indifference inconsistent and thus not a principle of rationality.","The Principle of Indifference is a philosophical concept that states that all objects have equal value and that no action can be taken that would cause any harm to any object. However, this principle is problematic because it does not take into account the value of human lives. The problem with the Principle of Indifference is that it does not consider the value of human lives and the consequences of actions that could lead to the harm of innocent people. This can lead to situations where an AI",0.8677790760993958,0.8664799928665161,0.8690820932388306
How can explanatory considerations be used in Bayesian reasoning?,"Explanatory considerations can be used as a heuristic to determine priors and likelihoods in cases where we would otherwise be clueless and could do no better than guessing. This is because we are not always able to assign a prior to every hypothesis of interest, or to say how probable a given piece of evidence is conditional on a given hypothesis.","Explanatory considerations can be used in Bayesian reasoning by providing evidence for or against a hypothesis based on the available data. For example, if a hypothesis is that a particular disease is caused by a certain environmental factor, then evidence for this hypothesis can be provided by studies that show a correlation between the disease and the environmental factor. Similarly, if a hypothesis is that a particular drug is effective in treating a particular disease, then evidence for this hypothesis can be provided by studies that show a positive",0.8502104878425598,0.8519179224967957,0.8485100269317627
What role does Psillos assign to abduction in his proposal to supplement Bayesian confirmation theory?,"Psillos assigns a role to abduction in his proposal to supplement Bayesian confirmation theory where abduction assists in selecting plausible candidates for testing, and the actual testing then follows Bayesian lines. However, he concedes that this proposal assigns a role to abduction that will strike committed explanationists as being too limited.",Psillos assigns abduction to a role in his proposal to supplement Bayesian confirmation theory as a means of resolving the problem of the missing link between the evidence and the theory. He argues that abduction can be used to identify the missing link and provide a plausible explanation for the evidence.,0.9017928242683411,0.9046368598937988,0.8989666104316711
What is a possible relationship between abduction and Bayesianism?,"A possible relationship between abduction and Bayesianism is that they operate in different modes of reasoning. Abduction could have its home in the epistemology of belief, and be called upon whenever we reason about our beliefs in a categorical mode, while at the same time Bayes’ rule could have its home in the epistemology of degrees of belief.","Bayesianism is a philosophical approach to probability and inference that emphasizes the use of evidence and reasoning to develop a probabilistic model of the world. Abduction, on the other hand, is a philosophical concept that refers to the process of inferring new concepts or theories from existing ones. In Bayesianism, abduction is a way of using evidence to develop a probabilistic model of the world, while in abduction, the process is more akin to the",0.8529378771781921,0.8566772937774658,0.8492310047149658
What is the difference between abduction and induction?,"Abduction is the process of forming a hypothesis to explain surprising observations, while induction is the process of inferring general laws from particular instances.","Abduction and induction are two different types of reasoning in philosophy. Abduction is a deductive process that involves drawing conclusions from observed events or observations. Induction, on the other hand, is a non-deductive process that relies on evidence and examples to support a conclusion. In abduction, the conclusion is drawn from a set of observed events or observations, while in induction, the conclusion is drawn from a set of observed examples or observations.",0.8667253851890564,0.853448748588562,0.8804216980934143
What is the problem of induction according to Charles Sanders Peirce?,"The problem of induction, according to Charles Sanders Peirce, is that we can never be sure that the conclusions we draw from our observations are true, because we can never observe everything. Instead, we must rely on abduction, or inference to the best explanation, to justify our hypotheses. This means that we must choose the simplest and most likely explanation for our observations, but we can never be completely certain that it is correct. This is a challenge for scientific realism, because it means that we can never know for sure whether our theories accurately reflect the world. Instead, we must always be open to the possibility that new evidence may require us to revise our theories. Skepticism, on the other hand, takes this uncertainty to an extreme, arguing that we can never know anything for certain. However, Peirce argues that this is not a reason to give up on the pursuit of knowledge, but rather a reason to be humble and open-minded in our quest for truth.","According to Charles Sanders Peirce, the problem of induction is the difficulty of establishing the validity of a conclusion based on a single observation or example. This difficulty arises because the process of induction relies on the assumption that the observations or examples are representative of the larger, more complex system being studied. To overcome this problem, Peirce advocated for a more sophisticated approach to inductive reasoning, which involves using a system of categories or ""signs""",0.8615734577178955,0.8746786713600159,0.8488551378250122
